Mean_0,Std_0,Min_0,Max_0,label
0.0987677,0.10766968,0.5175462,0.0026802372,neutro
0.10587134,0.07639867,0.39046004,0.00941392,felicidade
0.16225752,0.0981037,0.43909207,0.010674773,raiva
0.06430469,0.066469245,0.3391877,0.011611273,raiva
0.11898544,0.121566094,0.41495118,0.00423731,tristeza
0.08774203,0.05578656,0.38193128,0.004793099,tristeza
0.039782736,0.05345411,0.3600022,0.013278394,raiva
0.13595812,0.116303265,0.46354324,0.0061215535,neutro
0.08191608,0.10383724,0.38849568,0.0074104764,neutro
0.09559227,0.07606297,0.46864665,0.0081563825,felicidade
0.09949778,0.09632659,0.39858273,0.0014661307,felicidade
0.092989236,0.101063184,0.37372455,0.0013121595,felicidade
0.10576271,0.098206684,0.46320286,0.00082124426,raiva
0.10070357,0.08565021,0.36337727,0.00899243,neutro
0.09285651,0.09470626,0.38518053,0.00039125644,raiva
0.1154332,0.12371997,0.5256717,0.0048884633,neutro
0.12171976,0.101341285,0.34977955,0.0018570194,neutro
0.052576076,0.058281552,0.24435657,0.00038013165,raiva
0.12856585,0.112081446,0.50570995,0.0037136883,tristeza
0.079665616,0.08535356,0.48294285,0.0027025447,raiva
0.13718382,0.094323635,0.4531159,0.004560776,tristeza
0.09034076,0.09157303,0.35687196,0.0016062288,felicidade
0.086273625,0.08187544,0.27798608,0.0025312486,neutro
0.06143855,0.068919614,0.3376749,0.0016051894,neutro
0.08258042,0.073368095,0.39665034,0.0028011273,raiva
0.10727666,0.08794951,0.33795032,0.004728153,felicidade
0.13053142,0.091221936,0.40712845,0.0013505947,felicidade
0.09481946,0.07565367,0.35924608,0.0014757413,felicidade
0.07346599,0.07313365,0.393218,0.006291366,raiva
0.07214933,0.096492134,0.37758982,0.0006987639,felicidade
0.09015264,0.08433553,0.35632762,0.0031669787,tristeza
0.085755885,0.10397123,0.43387488,0.0026549157,tristeza
0.08880157,0.08404145,0.44960803,0.0059739025,raiva
0.05594318,0.05854304,0.34761944,0.0050830785,raiva
0.08992558,0.113950565,0.54016435,0.0042396197,neutro
0.1344202,0.1468499,0.5052103,0.0048710397,tristeza
0.088762894,0.082498215,0.48603246,0.008807461,neutro
0.123332836,0.118175015,0.35782138,0.004679909,neutro
0.100556165,0.111549586,0.48284632,0.004964912,tristeza
0.06580277,0.075794704,0.313867,0.00042007866,neutro
0.0932131,0.08744817,0.35826793,0.0046836287,raiva
0.09467805,0.07205811,0.31964093,0.004742925,tristeza
0.10058868,0.09672489,0.42149714,0.003717335,tristeza
0.083142124,0.07915274,0.30266026,0.009921072,raiva
0.06855672,0.060567077,0.3319907,0.014735962,raiva
0.11867455,0.07014523,0.31847405,0.017657194,neutro
0.13444193,0.108275436,0.48079205,0.0005733187,raiva
0.122767985,0.08169158,0.35255587,0.004264442,neutro
0.079304986,0.08216559,0.42517427,0.0010316235,neutro
0.07080434,0.064654544,0.30013084,0.0036448275,raiva
0.10618058,0.10865193,0.49328384,0.00077278283,felicidade
0.122272834,0.06504649,0.2994836,0.010649985,neutro
0.09191024,0.083550915,0.31834623,0.0023929283,raiva
0.118498705,0.09839388,0.5179301,0.005381028,tristeza
0.053110152,0.07410114,0.38348573,0.0058636465,tristeza
0.09930608,0.07040976,0.31689706,0.0031551041,felicidade
0.1532067,0.112137385,0.3944317,0.0016207019,neutro
0.09138959,0.08101742,0.47127935,0.0037508698,tristeza
0.087047145,0.07490103,0.27964714,0.0011824667,felicidade
0.09683667,0.09017222,0.43283623,0.0053160647,felicidade
0.08281934,0.07662438,0.2670409,0.0012283319,raiva
0.07673255,0.07863366,0.39731663,0.009581377,felicidade
0.055977106,0.065726474,0.31676418,0.0003873738,raiva
0.0956305,0.09434428,0.36279413,0.0035693785,felicidade
0.0694383,0.06700798,0.3010813,0.00422316,raiva
0.097846456,0.104894735,0.4153753,0.008685171,tristeza
0.14228728,0.108183764,0.34460643,0.0034327784,tristeza
0.14072955,0.090243466,0.33600003,0.0040527117,tristeza
0.19721918,0.105985545,0.43114644,0.0084414575,neutro
0.09505845,0.11221445,0.44357267,0.0030565509,tristeza
0.04463252,0.056144014,0.27034605,0.0030915407,felicidade
0.066998936,0.08489398,0.32771528,0.008972071,tristeza
0.10613744,0.06816547,0.34995094,0.0015741346,tristeza
0.080093555,0.08630108,0.38504553,0.0004578579,raiva
0.09478749,0.10981458,0.42307922,0.00402493,neutro
0.12901229,0.092746526,0.38833377,0.009509698,tristeza
0.20717628,0.11502334,0.46037495,0.028899197,neutro
0.112952515,0.09305413,0.35851163,0.0005508549,felicidade
0.09175569,0.118813306,0.63731915,0.0021084992,tristeza
0.0659483,0.07233249,0.3264338,0.00028413653,raiva
0.098475054,0.07140811,0.33053786,0.0047886646,tristeza
0.09592517,0.0976561,0.39109284,0.002786138,neutro
0.08650453,0.076153815,0.29723328,0.007231187,raiva
0.09967048,0.088094786,0.38767263,0.002859122,felicidade
0.13590056,0.11795663,0.5005328,0.006125425,tristeza
0.060448606,0.07449387,0.39545858,0.003623841,tristeza
0.07480021,0.0749624,0.38207176,0.0031223868,felicidade
0.100041606,0.08307465,0.39262542,0.0033182267,raiva
0.12105504,0.08413736,0.41802493,0.0039409166,neutro
0.07271777,0.08721816,0.59169275,0.0060233125,raiva
0.07559858,0.07673282,0.3151674,0.0022976499,tristeza
0.13279474,0.103113376,0.45971417,0.0016942101,felicidade
0.17209496,0.12414621,0.5264865,0.008273195,tristeza
0.081492655,0.07118839,0.36506817,0.009660112,felicidade
0.08152623,0.082547456,0.2881794,0.00061302236,felicidade
0.11554618,0.097915255,0.35206005,0.0024749173,felicidade
0.08459152,0.07590658,0.3457838,0.004036211,felicidade
0.07774362,0.06599297,0.34663787,0.009910273,felicidade
0.094950214,0.09025507,0.41536745,0.0059354305,raiva
0.10587029,0.0898983,0.34755775,0.008623814,felicidade
0.11539742,0.108225755,0.39996558,0.0050449204,neutro
0.046278927,0.057724725,0.3409919,0.0115815215,raiva
0.11045532,0.08802525,0.37181944,0.0010413652,felicidade
0.15147826,0.11152787,0.4210496,0.009461803,tristeza
0.14594999,0.10980469,0.36307392,0.0024713688,neutro
0.10800675,0.08424978,0.4092065,0.0047511514,tristeza
0.08046151,0.07933538,0.27721006,0.0022848004,tristeza
0.17808561,0.09087647,0.34996742,0.008410478,neutro
0.094688274,0.08732519,0.37253377,0.004108213,felicidade
0.08758398,0.08294918,0.39817265,0.004585202,neutro
0.1356148,0.10128461,0.36656237,0.0026848197,felicidade
0.07664899,0.09067484,0.3863492,0.0017007831,raiva
0.1049657,0.09230383,0.3756961,0.0057583055,felicidade
0.10626244,0.083401114,0.48027295,0.008120027,tristeza
0.12784745,0.13143691,0.4218281,0.0034208505,tristeza
0.063226104,0.09066514,0.4280656,0.00546492,felicidade
0.05371159,0.06937725,0.36805588,0.0025615813,felicidade
0.07601386,0.06786906,0.34104568,0.00939229,raiva
0.10853027,0.13723975,0.53835785,0.00029759912,felicidade
0.08406663,0.09155408,0.46712506,0.0044560214,neutro
0.09204563,0.10478749,0.4414331,0.0050817057,tristeza
0.12572716,0.091150865,0.4764143,0.010621265,tristeza
0.102397345,0.08171326,0.3754925,0.0026992194,raiva
0.09881602,0.11451112,0.4380977,0.0037465792,tristeza
0.14517882,0.093940265,0.3576702,0.008662685,tristeza
0.13489422,0.087559685,0.32670328,0.0062052826,raiva
0.055275597,0.067870714,0.33227316,0.0014865267,felicidade
0.1114577,0.08097358,0.44575125,0.0070379116,raiva
0.051675137,0.0694956,0.31802544,0.0044530607,tristeza
0.048656598,0.055218507,0.22861774,0.0004878503,raiva
0.089953996,0.09680664,0.51424634,0.013192124,felicidade
0.14394066,0.12998068,0.46975526,0.0021737465,tristeza
0.08473064,0.08776349,0.3412993,0.00038315935,felicidade
0.0976737,0.094175085,0.47357848,0.0010484974,neutro
0.08025278,0.080013745,0.5360199,0.0023444835,raiva
0.017866153,0.031924754,0.21696456,0.00032790538,raiva
0.065375336,0.08502723,0.46912965,0.0027987666,tristeza
0.098330565,0.09385132,0.3735005,0.004365411,raiva
0.078432955,0.070446245,0.31386238,0.006827502,tristeza
0.05366249,0.073687114,0.28297338,0.0037905653,tristeza
0.0987727,0.09692264,0.40180108,0.0015734836,felicidade
0.14848779,0.09466304,0.38263273,0.005598572,neutro
0.11661696,0.09945197,0.3494036,0.004329072,neutro
0.1900049,0.13669544,0.50061345,0.006647344,neutro
0.13332756,0.09255094,0.3153005,0.0052549746,felicidade
0.09604415,0.09126014,0.38080838,0.0004020085,felicidade
0.1289706,0.11055767,0.5568462,0.004676183,felicidade
0.09261682,0.07955514,0.39697665,0.00320125,neutro
0.07622595,0.07275935,0.40044954,0.0032619426,felicidade
0.07407579,0.06646753,0.31071764,0.008963638,felicidade
0.1105635,0.0955064,0.3841254,0.005039936,neutro
0.096761644,0.08310439,0.40951562,0.0021429516,neutro
0.10501794,0.08580895,0.4047782,0.007237525,tristeza
0.096870266,0.09142349,0.40632114,0.00027015002,raiva
0.094333194,0.08172661,0.39791062,0.0058983294,tristeza
0.10992188,0.078724824,0.3696859,0.006336997,raiva
0.1745275,0.16295014,0.59092075,0.002532714,tristeza
0.090259254,0.07414783,0.33960024,0.0049909083,raiva
0.12518372,0.09892278,0.40305728,0.002750728,neutro
0.12902425,0.1011964,0.3986554,0.0050019976,neutro
0.15655859,0.14357255,0.527934,0.01063732,tristeza
0.1065039,0.114969574,0.4607676,0.003152476,tristeza
0.12387053,0.11794887,0.41787136,0.004087178,tristeza
0.08207665,0.0797047,0.37048095,0.00057765,raiva
0.12637201,0.11960899,0.50791264,0.0037953006,neutro
0.057181057,0.052169893,0.20731837,0.0010572486,neutro
0.09655048,0.08424635,0.41681156,0.0017830229,raiva
0.06617641,0.06764059,0.36830652,0.0010365676,felicidade
0.10975314,0.093585275,0.31660226,0.0081527205,raiva
0.07653783,0.0866209,0.32948685,0.0003326622,felicidade
0.074673295,0.07588706,0.35688433,0.00702146,felicidade
0.05346407,0.058834944,0.2756346,0.0016705743,neutro
0.06775759,0.08160766,0.40706646,0.0048853867,felicidade
0.09680045,0.13208285,0.6685592,0.00746117,tristeza
0.0899789,0.09837487,0.39732945,0.00053051184,felicidade
0.06055879,0.06621467,0.3323484,0.0012546206,felicidade
0.08807124,0.10953373,0.57658374,0.0009414681,tristeza
0.09150516,0.1159658,0.42604762,0.005371795,neutro
0.109245434,0.08515225,0.35005748,0.00051821297,neutro
0.069591194,0.06726009,0.3007106,0.0029327872,raiva
0.09788979,0.10088817,0.4101839,0.0035013899,neutro
0.14206369,0.135155,0.6103065,0.0032849675,neutro
0.06668236,0.059554666,0.30389664,0.008072648,raiva
0.126992,0.11552876,0.4947968,0.0043981844,neutro
0.15711507,0.07438391,0.31309974,0.009827295,neutro
0.15274324,0.0681116,0.34207967,0.048551735,neutro
0.091677375,0.08453801,0.44166747,0.0037423181,neutro
0.08594086,0.093470536,0.49852824,0.0082727065,tristeza
0.078357264,0.07401958,0.35305724,0.0005233557,raiva
0.09554563,0.08443846,0.42876264,0.004603357,tristeza
0.087004155,0.093763076,0.4759723,0.009516553,felicidade
0.103685826,0.076090366,0.31332195,0.004597746,neutro
0.03732835,0.04498064,0.32594803,0.0049801166,raiva
0.13667841,0.11785574,0.3973799,0.0047002654,felicidade
0.14128245,0.10986924,0.4270734,0.008845059,tristeza
0.12142739,0.14307542,0.6344469,0.009427572,tristeza
0.13260035,0.1273431,0.5241872,0.0052880347,neutro
0.119096205,0.10069127,0.3872919,0.009593225,raiva
0.15089862,0.10722408,0.40127128,0.00759584,neutro
0.10524623,0.08199834,0.42846465,0.004024941,raiva
0.06666606,0.072401896,0.25960493,0.00067075144,raiva
0.08580111,0.082729444,0.4011261,0.006028103,felicidade
0.14670709,0.108990036,0.4941717,0.0026620948,tristeza
0.10578196,0.08168465,0.34662688,0.0056445077,raiva
0.11575259,0.11386502,0.49070096,0.003394998,raiva
0.041981034,0.07048088,0.5016041,0.0041696117,raiva
0.11483853,0.10505521,0.4405734,0.0051066224,neutro
0.10438345,0.09347895,0.46010926,0.004769641,tristeza
0.055496305,0.08695511,0.42008922,0.0019889546,raiva
0.17071556,0.089095026,0.33247933,0.009502082,neutro
0.07861595,0.08833323,0.4510505,0.0023696776,felicidade
0.09289107,0.07431342,0.2799277,0.00397193,tristeza
0.0828714,0.105267696,0.554194,0.004723338,neutro
0.09577167,0.12571503,0.5133263,0.004951211,neutro
0.13215847,0.12447232,0.5049385,0.0071977964,raiva
0.12138927,0.14359525,0.5936931,0.0033110918,tristeza
0.094986364,0.108612195,0.51367974,0.0026401018,tristeza
0.09241499,0.08872469,0.3442951,0.00068441464,raiva
0.12321452,0.10415851,0.37982884,0.00217267,neutro
0.19836968,0.10332488,0.43922755,0.0061679743,neutro
0.0676069,0.063500874,0.31077588,0.006199947,raiva
0.11548062,0.12594922,0.44809118,0.0056361905,tristeza
0.14229318,0.10078266,0.4326689,0.0020913654,tristeza
0.15231241,0.1027044,0.34330854,0.0065562697,neutro
0.12414163,0.11692809,0.529546,0.008800172,felicidade
0.07094157,0.07286286,0.29422286,0.004298702,raiva
0.09426708,0.09421206,0.34716225,0.0051627913,felicidade
0.039630704,0.053816527,0.350445,0.006987698,raiva
0.15515882,0.107146166,0.41151723,0.0028212606,raiva
0.055888772,0.063294604,0.34958535,0.0044284645,felicidade
0.08090118,0.09590994,0.3559566,0.0030844638,tristeza
0.13071759,0.10563741,0.41653848,0.0051548933,felicidade
0.09523756,0.09388967,0.48156297,0.008120443,neutro
0.076037936,0.09191552,0.39798355,0.0005424974,felicidade
0.082702965,0.081796534,0.2862883,0.002572737,neutro
0.077212445,0.087196425,0.48764685,0.0009901385,felicidade
0.055763733,0.07403932,0.36040035,0.0008688235,raiva
0.09007082,0.111542925,0.48448032,0.0046658176,neutro
0.0776841,0.07774891,0.40010783,0.0026372466,neutro
0.068448834,0.06626271,0.33152303,0.007704216,neutro
0.06830322,0.07820224,0.4133808,0.0022361577,tristeza
0.14685576,0.09037518,0.46364573,0.005694599,tristeza
0.05116863,0.05075655,0.28131786,0.0037850738,raiva
0.11290276,0.07940354,0.33626035,0.006524172,neutro
0.15803732,0.09705878,0.36126745,0.005299315,neutro
0.11330561,0.112019844,0.4373536,0.00094437355,felicidade
0.06055778,0.05880352,0.26368988,0.0020137327,neutro
0.07860138,0.07220413,0.44670302,0.0010288542,neutro
0.0629587,0.07663649,0.31308898,0.00039500944,felicidade
0.16642122,0.11334607,0.4088327,0.003699724,tristeza
0.09735826,0.11282793,0.5631644,0.005215072,tristeza
0.09387517,0.06720178,0.36856255,0.0071154363,neutro
0.069854505,0.07391746,0.3617601,0.011320617,raiva
0.08724843,0.090381704,0.33332422,0.0053571444,neutro
0.074198395,0.082912706,0.3659789,0.003964047,tristeza
0.043789275,0.054615222,0.33791184,0.0042817313,raiva
0.04309767,0.046685997,0.26845554,0.005452542,raiva
0.10165355,0.09933954,0.41860896,0.003989797,felicidade
0.11713347,0.09620869,0.49584982,0.004877372,tristeza
0.09365526,0.088977255,0.4402317,0.010841489,felicidade
0.07029446,0.06935199,0.28947347,0.0011765333,neutro
0.11985675,0.096537,0.40100914,0.004719242,tristeza
0.05468482,0.062577724,0.35948145,0.004990166,tristeza
0.08653922,0.10173093,0.5910428,0.0051205885,tristeza
0.10153296,0.08022887,0.29351667,0.00095270324,neutro
0.13604043,0.12588692,0.46126068,0.0033534975,neutro
0.14582452,0.100816526,0.39052752,0.0009128837,raiva
0.10560647,0.07022868,0.4459805,0.0059338184,tristeza
0.0838247,0.07842103,0.40230992,0.0076180105,felicidade
0.13203534,0.12810227,0.4718005,0.0006770649,raiva
0.12219097,0.08187179,0.35083196,0.004952665,felicidade
0.16289027,0.08057199,0.36481246,0.008916228,tristeza
0.083760336,0.0884925,0.43781373,0.0024907356,neutro
0.09674914,0.08759116,0.31988192,0.006233044,felicidade
0.10962448,0.11332786,0.526512,0.007707032,tristeza
0.055089302,0.06256929,0.30851692,0.00060696556,raiva
0.10827541,0.09656751,0.44874343,0.0034626715,tristeza
0.1223849,0.09415024,0.37542683,0.0041870996,tristeza
0.06826741,0.09642593,0.50625956,0.0037144125,raiva
0.093890145,0.08784546,0.4825823,0.0075143306,tristeza
0.033644073,0.045968067,0.27661616,0.000324022,raiva
0.08647175,0.08911181,0.40564182,0.0066340123,neutro
0.071851686,0.08942215,0.4341136,0.0018736133,tristeza
0.09796416,0.072902136,0.35193563,0.0014033824,tristeza
0.17931865,0.09476426,0.4207978,0.0063096345,neutro
0.18598709,0.0741439,0.37260276,0.012795664,neutro
0.13998218,0.08818216,0.3894184,0.0025776222,tristeza
0.100935504,0.09015438,0.43629125,0.0026678739,tristeza
0.07279717,0.07894397,0.4395489,0.0062311296,tristeza
0.08810047,0.07112431,0.29648218,0.0013642401,neutro
0.16473652,0.09783769,0.41498798,0.015965981,tristeza
0.06597277,0.067644276,0.36259657,0.0033065907,tristeza
0.16200446,0.11866865,0.4854036,0.0020986223,neutro
0.14522527,0.12309023,0.47574148,0.007232057,tristeza
0.08776349,0.080784,0.3390971,0.0012455872,raiva
0.16320512,0.11137327,0.41894594,0.0058544097,tristeza
0.0961847,0.08046277,0.25977018,0.0030935972,neutro
0.13987935,0.08840664,0.3590346,0.009886208,tristeza
0.11285943,0.116998434,0.4783815,0.0015259883,neutro
0.0516711,0.0727627,0.36124006,0.0034498551,raiva
0.0702468,0.07219628,0.30893692,0.000816075,raiva
0.08033774,0.08970134,0.47674352,0.00033996618,raiva
0.1295216,0.10058576,0.40627572,0.00045196002,raiva
0.05087927,0.07385799,0.3552588,0.0013288747,tristeza
0.055637993,0.06925931,0.2863087,0.0016036474,neutro
0.087295085,0.07783896,0.2790041,0.00095198053,raiva
0.114458285,0.08701559,0.3725867,0.0084569,felicidade
0.09808044,0.10927697,0.4578762,0.0007815732,raiva
0.024418008,0.040117938,0.22586209,0.00022264721,raiva
0.12391219,0.079532884,0.45597944,0.0075687026,tristeza
0.086263575,0.08277197,0.3086542,0.0018506162,neutro
0.075957134,0.08561563,0.5219501,0.004950356,neutro
0.06656999,0.07101242,0.35941008,0.00199343,felicidade
0.12600511,0.07012416,0.276718,0.004141887,neutro
0.11558628,0.121159375,0.5200357,0.0032689127,tristeza
0.10162215,0.10062643,0.49015445,0.0045891996,tristeza
0.14536516,0.09027568,0.43362585,0.006970238,neutro
0.107780784,0.11331651,0.53786594,0.007064103,tristeza
0.062048625,0.07363492,0.3358692,0.0032673434,raiva
0.12288314,0.113224335,0.5047502,0.010852867,felicidade
0.07308831,0.081232056,0.32093942,0.0038127939,tristeza
0.08939753,0.073818,0.28295526,0.0052636876,tristeza
0.13645819,0.12778448,0.5030693,0.007466483,tristeza
0.079480596,0.084519275,0.40203255,0.0011343422,raiva
0.12373608,0.10398676,0.5823402,0.005167449,raiva
0.075139895,0.07127696,0.33842954,0.006506089,raiva
0.060651597,0.073354036,0.34857318,0.0003817164,felicidade
0.0711739,0.07586954,0.33819798,0.0031115294,raiva
0.09776683,0.08997943,0.34200484,0.0005764549,raiva
0.19747312,0.10450674,0.4468828,0.016452583,neutro
0.120185204,0.084792435,0.37761566,0.0046050875,neutro
0.11659546,0.083548546,0.3707763,0.002255443,neutro
0.10082641,0.08379226,0.31439883,0.0013634007,felicidade
0.13360724,0.13868174,0.53213584,0.00090617774,raiva
0.13665543,0.14665873,0.57738036,0.0061338027,tristeza
0.040835194,0.047493786,0.35407773,0.00087065867,tristeza
0.08808889,0.08040071,0.31421947,0.0040450566,raiva
0.08673193,0.09709158,0.3886079,0.0012663096,felicidade
0.07605021,0.07387198,0.47694102,0.0045486502,felicidade
0.116293386,0.090403154,0.35311174,0.0072359047,raiva
0.06134013,0.04810366,0.18192819,0.0013111732,neutro
0.14449291,0.14185113,0.4888823,0.004315466,tristeza
0.091730684,0.08393776,0.36449254,0.0015709397,neutro
0.13530438,0.11615568,0.4360649,0.0065842555,neutro
0.07206013,0.06996936,0.25594774,0.007271153,tristeza
0.11937469,0.099411845,0.3691919,0.0021621156,tristeza
0.14020595,0.12287047,0.44863564,0.0023159808,tristeza
0.10161898,0.097538374,0.3640657,0.00062034186,raiva
0.08872608,0.08826975,0.35763818,9.721925e-05,felicidade
0.07130764,0.07306629,0.41764954,0.0041195964,felicidade
0.058156513,0.075992346,0.3839554,3.31719e-05,felicidade
0.13359058,0.07841772,0.381811,0.01142753,felicidade
0.1044518,0.08513289,0.45885026,0.0066641537,felicidade
0.1268797,0.10478883,0.5148657,0.008769907,tristeza
0.08694236,0.063781135,0.23947762,0.0035111967,tristeza
0.074381806,0.0957436,0.39802486,0.0073921527,tristeza
0.038235106,0.052242078,0.3323156,0.00013480794,raiva
0.11516523,0.09288074,0.4693546,0.0058403187,felicidade
0.1353203,0.10221973,0.464264,0.0047407565,tristeza
0.06624072,0.0735321,0.47250912,0.0006873554,felicidade
0.09113855,0.0856424,0.35104436,0.00045623176,felicidade
0.09363843,0.06802493,0.28733107,0.007945514,felicidade
0.09090821,0.10243705,0.43027917,0.007037028,tristeza
0.07390752,0.07930181,0.34380335,0.0024247644,neutro
0.105184555,0.10234216,0.38328052,0.003011129,raiva
0.07712521,0.08802152,0.37849167,0.0038458349,felicidade
0.076425105,0.054552007,0.26237258,0.0033842651,felicidade
0.077013224,0.07588492,0.32578084,0.0056094583,felicidade
0.108529575,0.11224397,0.6175543,0.00032635176,raiva
0.07206608,0.08503169,0.48650995,0.002447778,raiva
0.09098135,0.07840861,0.29764256,0.008534472,tristeza
0.101963736,0.11727558,0.4708231,0.00048807164,raiva
0.07992757,0.06274454,0.30186906,0.002844071,raiva
0.11362152,0.12184577,0.5986537,0.003605113,neutro
0.08464724,0.109711096,0.506704,0.0039439113,neutro
0.09513807,0.09770835,0.40014866,0.0006431036,raiva
0.11583288,0.1181936,0.43578857,0.0095848935,neutro
0.08293411,0.066894285,0.3295366,0.0021231999,neutro
0.08299609,0.09177092,0.36452883,0.0041687936,tristeza
0.11558633,0.08251522,0.4292482,0.008592604,felicidade
0.061688043,0.06274284,0.31632555,0.0055217915,raiva
0.093637586,0.084075205,0.398051,0.002521235,raiva
0.11529147,0.07727044,0.30738205,0.0056249537,tristeza
0.08969846,0.08640892,0.37538633,0.008649266,raiva
0.103604145,0.10644827,0.37189162,0.0037102501,tristeza
0.12624246,0.09539426,0.41056222,0.002505126,raiva
0.079884335,0.08442939,0.3226181,0.0004986148,raiva
0.110639535,0.07138916,0.44916767,0.010412705,tristeza
0.13247344,0.07787143,0.39977643,0.0068495125,felicidade
0.11815348,0.07755605,0.3692654,0.0054165036,tristeza
0.07305337,0.072493054,0.24283975,0.0018972274,tristeza
0.1624728,0.095032245,0.35272968,0.006689108,neutro
0.077265576,0.07491753,0.2828536,0.0011914356,felicidade
0.06270535,0.06397152,0.29335266,0.0013701685,neutro
0.055346917,0.067250654,0.37248176,0.00432973,felicidade
0.072890624,0.07150727,0.34636414,0.008378809,felicidade
0.10241071,0.10438263,0.4809767,0.0023313945,neutro
0.076865725,0.08010325,0.32481775,0.000974943,felicidade
0.13152088,0.07710205,0.31565678,0.011135321,neutro
0.116526976,0.08413523,0.39194918,0.007189491,felicidade
0.11374775,0.1093392,0.4732634,0.0027157126,neutro
0.12395355,0.095095105,0.4459375,0.0007349253,felicidade
0.082814604,0.08035436,0.35856742,0.0076743974,felicidade
0.07721353,0.07113817,0.35672238,0.010135263,raiva
0.13724473,0.06805864,0.3374216,0.01330797,neutro
0.17475452,0.09100679,0.33988035,0.02259237,neutro
0.09053034,0.084669836,0.3762712,0.004837788,felicidade
0.07406668,0.07271661,0.3047084,0.0009845443,felicidade
0.11288807,0.065168165,0.3319339,0.011354764,neutro
0.0559374,0.07351169,0.3096466,0.0050333473,tristeza
0.096432,0.095996365,0.3515874,0.00057068415,raiva
0.041608606,0.03755561,0.18132065,0.0015713912,raiva
0.07642951,0.076771356,0.49279195,0.005256923,felicidade
0.063990526,0.07009725,0.3187416,0.0019832717,raiva
0.13102351,0.088890955,0.3515038,0.0063713505,felicidade
0.104590274,0.08412487,0.48273984,0.0023357586,tristeza
0.14072771,0.09169871,0.37780344,0.0033723863,raiva
0.06983335,0.06831193,0.342901,0.0053487145,raiva
0.123485506,0.09056249,0.3945922,0.009920835,tristeza
0.12768577,0.09848731,0.35834834,0.0010837098,felicidade
0.09745993,0.090224326,0.3533928,0.0017636444,raiva
0.12081854,0.09540536,0.5364444,0.004179787,neutro
0.06798203,0.08208633,0.415396,0.0023003358,raiva
0.14591037,0.09159456,0.4695551,0.005896996,tristeza
0.1288648,0.12180592,0.6179511,0.004282935,tristeza
0.11764629,0.0903441,0.41442198,0.0025268043,neutro
0.11694349,0.0917051,0.33207318,0.0019101927,raiva
0.051736493,0.056675784,0.27203274,0.0018712571,felicidade
0.06720102,0.064860225,0.37485564,0.005431085,tristeza
0.05492165,0.046637762,0.20700872,0.0015489438,raiva
0.057376675,0.08009643,0.37567675,0.00027133332,felicidade
0.11676596,0.07909968,0.4333207,0.006989038,tristeza
0.08228467,0.07567566,0.3203684,0.004907423,raiva
0.079634584,0.08938338,0.3933731,0.0020841516,felicidade
0.07673019,0.08505064,0.42413902,0.004841158,felicidade
0.09495612,0.07076266,0.35713446,0.0014819828,tristeza
0.1226259,0.10908946,0.48880902,0.006099685,raiva
0.068181954,0.067887254,0.26101616,0.00021450783,raiva
0.05155145,0.048588976,0.26747674,0.0011580628,raiva
0.12601244,0.11447208,0.37879395,0.0033029895,neutro
0.06919522,0.069173045,0.4050125,0.011223485,tristeza
0.10352345,0.107133955,0.43726254,0.0036173225,tristeza
0.0805436,0.07652025,0.3192237,0.0008523836,felicidade
0.13353023,0.103290685,0.38972828,0.0004997513,felicidade
0.09215571,0.07558523,0.33918175,0.0011547168,raiva
0.08996792,0.091008544,0.45599714,0.0021163307,felicidade
0.09942973,0.118741825,0.45928687,0.0029137111,tristeza
0.121403985,0.10572815,0.45809639,0.008568194,tristeza
0.09444793,0.089196436,0.34720808,0.0017632484,felicidade
0.12965082,0.09360667,0.34640893,0.004720025,neutro
0.10684806,0.11436371,0.50291073,0.0026901355,tristeza
0.062378794,0.07140412,0.3873869,0.001774511,felicidade
0.045576576,0.048773125,0.21117538,0.0015078008,neutro
0.068600714,0.07776394,0.46468928,0.0011227841,raiva
0.1649152,0.10208248,0.4026304,0.0047462364,neutro
0.08469834,0.106376246,0.40538552,0.0035186722,neutro
0.065674014,0.06143317,0.33233458,0.007965587,raiva
0.08593387,0.10018886,0.5801189,0.0049497024,neutro
0.080748655,0.07549723,0.37293938,0.0031195085,raiva
0.039742306,0.04234728,0.25004816,0.00050378335,raiva
0.088000394,0.09438029,0.4051929,0.0089768665,felicidade
0.085448615,0.09069729,0.43066782,0.003713679,neutro
0.17227566,0.1173986,0.46085116,0.00858806,felicidade
0.08705526,0.110635184,0.50373983,0.00056542474,felicidade
0.06004198,0.048194498,0.25370905,0.00086955883,raiva
0.09283633,0.08128021,0.44098935,0.0014545607,felicidade
0.1448246,0.11515597,0.39437675,0.0034827916,tristeza
0.086212024,0.07879156,0.35668007,0.011577134,raiva
0.079330266,0.084346086,0.37290317,0.0014533459,felicidade
0.14565837,0.13866161,0.5662375,0.0007423815,felicidade
0.11380966,0.068227716,0.2673003,0.0034167801,tristeza
0.11589364,0.07683609,0.35557258,0.0066725756,neutro
0.12970267,0.11243823,0.40750825,0.0031721694,tristeza
0.07037082,0.08586962,0.4015407,0.0043152343,neutro
0.11156871,0.07881928,0.33058116,0.005925218,felicidade
0.05005235,0.049812302,0.30302542,0.003044392,raiva
0.08020046,0.08211042,0.36421683,0.0043925047,felicidade
0.081419095,0.074123755,0.35457242,0.00416125,raiva
0.12655386,0.07942678,0.31083676,0.01787723,tristeza
0.16073377,0.11638525,0.51406866,0.0086409105,neutro
0.07177622,0.07761184,0.32568675,0.0014556457,felicidade
0.096060656,0.09365733,0.46862513,0.0037727612,felicidade
0.06764548,0.0722102,0.4045883,0.0014403063,raiva
0.1085706,0.087683514,0.38380972,0.0040192255,tristeza
0.11882723,0.09167114,0.44089866,0.0036418063,felicidade
0.10935173,0.08032145,0.37065804,0.008486388,felicidade
0.06553399,0.08502538,0.37431175,0.0033961728,neutro
0.1198832,0.07159823,0.2852968,0.003882952,neutro
0.0847421,0.094004214,0.43005145,0.001428429,neutro
0.09620743,0.08151269,0.38657206,0.0028748855,felicidade
0.082628965,0.10924048,0.5431842,0.0049228333,neutro
0.13545097,0.118210584,0.46134394,0.0055357385,tristeza
0.12641084,0.089580834,0.34011158,0.010460615,neutro
0.1973699,0.08365125,0.3815118,0.019405643,neutro
0.14237788,0.09137974,0.5251482,0.0073517496,tristeza
0.06115328,0.07088453,0.38449335,0.003320696,neutro
0.12772614,0.08522874,0.3436664,0.0056346417,felicidade
0.15898989,0.10781663,0.4587075,0.0060825963,tristeza
0.04624489,0.052793417,0.2740349,0.00050772924,raiva
0.05557259,0.05976253,0.31066194,0.0008350354,raiva
0.08064572,0.09942998,0.48837867,0.0033775265,felicidade
0.122625425,0.09482783,0.5462472,0.006118746,tristeza
0.16027166,0.10086831,0.48331594,0.012632932,felicidade
0.06878816,0.0807219,0.37303182,0.0012935039,felicidade
0.11038707,0.135223,0.5607852,0.00569267,neutro
0.10858949,0.09314083,0.40602,0.0027514386,felicidade
0.07806616,0.09984967,0.5740592,0.0025377178,tristeza
0.060775384,0.07051616,0.31892204,0.0038548615,tristeza
0.104876965,0.108065546,0.44862065,0.003316973,tristeza
0.063783735,0.07569078,0.34529024,0.0004037406,felicidade
0.052875523,0.06722875,0.29321796,0.00036773205,felicidade
0.10104439,0.07620266,0.46351948,0.0032377832,felicidade
0.08452518,0.087448515,0.41417232,0.001516727,felicidade
0.11318015,0.10498556,0.48514962,0.0026459335,neutro
0.10937999,0.09259691,0.36383978,0.003773899,felicidade
0.15137382,0.10086806,0.38618362,0.0016927943,raiva
0.11805578,0.089968465,0.54581535,0.0072414875,tristeza
0.10725352,0.0789416,0.35055414,0.0009852313,raiva
0.054102354,0.064491004,0.42420405,0.0013178658,raiva
0.052911304,0.067937806,0.31588444,0.002633299,neutro
0.14428847,0.099848725,0.42911988,0.005906541,tristeza
0.103206486,0.111830555,0.39005283,0.0022680187,tristeza
0.085301846,0.070016004,0.32887483,0.0071613267,felicidade
0.119241595,0.08103476,0.3645781,0.007249604,neutro
0.16394834,0.077422515,0.3527336,0.017829286,neutro
0.113179825,0.102893405,0.4191177,0.0041552484,neutro
0.15714829,0.092349395,0.38086572,0.0035711853,tristeza
0.06134612,0.06433759,0.26141986,0.0007078497,raiva
0.11477882,0.08222915,0.4269135,0.0006801132,felicidade
0.109915875,0.113951966,0.5467046,0.011713661,tristeza
0.13807613,0.09575369,0.3734043,0.0067346315,tristeza
0.094480306,0.0898528,0.37877512,0.0026128173,felicidade
0.10086615,0.103518665,0.5306489,0.0029139,tristeza
0.075557604,0.084172994,0.3898364,0.0007168948,neutro
0.112674914,0.113875985,0.44947982,0.00054211717,raiva
0.12763979,0.099579796,0.45021734,0.009146616,raiva
0.073814474,0.08087477,0.3466607,0.00063419953,raiva
0.08408424,0.08642082,0.37359202,0.0007937196,raiva
0.09613778,0.12077178,0.6003213,0.0019307171,neutro
0.10397548,0.11216488,0.49888745,0.00048400828,felicidade
0.108163714,0.106824234,0.47461045,0.0020740237,tristeza
0.087507784,0.08630159,0.433525,0.0042557362,tristeza
0.09574648,0.0747539,0.2924979,0.0061700726,tristeza
0.07492395,0.084610865,0.36883658,0.00017414743,felicidade
0.09279785,0.11068662,0.42795473,0.003407678,tristeza
0.06882386,0.067732364,0.32676753,0.00551054,neutro
0.13006043,0.119287275,0.49680075,0.003254897,neutro
0.088356495,0.10519388,0.6380174,0.00241989,raiva
0.055459492,0.059103906,0.31505603,0.004072373,raiva
0.11659911,0.08252096,0.33526427,0.011002107,neutro
0.102045864,0.08166191,0.36630142,0.0034175576,raiva
0.1438651,0.0874117,0.36865467,0.0076654186,raiva
0.10980743,0.086361945,0.38823313,0.0020738703,felicidade
0.08733964,0.08773917,0.37238967,0.009342961,neutro
0.08849124,0.0648597,0.2948078,0.0009578482,raiva
0.13011414,0.082081966,0.29952362,0.0011541839,neutro
0.100885876,0.1023849,0.36973652,0.0029268546,neutro
0.08731137,0.10261352,0.4083344,0.0019384867,tristeza
0.110723644,0.07806057,0.40921575,0.007242564,tristeza
0.12942351,0.08092051,0.36371225,0.013892666,raiva
0.050635938,0.062470835,0.29452163,0.0003602384,felicidade
0.100051515,0.07262254,0.3350678,0.0012436659,felicidade
0.10996214,0.09307576,0.3719913,0.0069330637,raiva
0.09296837,0.056654155,0.23911424,0.0035546012,neutro
0.03880019,0.058566585,0.40273634,0.004670128,raiva
0.13947901,0.10045856,0.41797903,0.011765281,tristeza
0.07495413,0.07272802,0.28135976,0.004819706,raiva
0.07849741,0.10133054,0.54407316,0.0010078264,neutro
0.09322815,0.10353187,0.46631518,0.0066273706,neutro
0.10686232,0.10829593,0.37008914,0.0056300866,neutro
0.057325825,0.07334579,0.32501283,0.0039617815,tristeza
0.09587882,0.075542174,0.38334167,0.0016704506,tristeza
0.097624935,0.085894756,0.38173124,0.0056490204,neutro
0.05579784,0.054197777,0.23232512,0.0031275854,neutro
0.14991438,0.07349336,0.3347783,0.007981386,neutro
0.11706675,0.08487788,0.35111573,0.006469572,raiva
0.062001567,0.069452204,0.4407106,0.0017704116,felicidade
0.06547746,0.07904941,0.33997935,0.00072462496,neutro
0.06612,0.073047765,0.4196765,0.0027348308,neutro
0.062419493,0.06890956,0.2955122,0.00048612794,raiva
0.08886504,0.06981282,0.38793012,0.0043747057,felicidade
0.10870287,0.07637969,0.30480403,0.0010376218,neutro
0.08648862,0.11186518,0.45509383,0.0021665846,neutro
0.087876454,0.120682955,0.60148865,0.0040029567,tristeza
0.118979774,0.10887261,0.44677302,0.010470371,felicidade
0.133912,0.10685019,0.4453452,0.0041292883,tristeza
0.07607749,0.07989861,0.37251338,0.0032886784,felicidade
0.08950011,0.09365944,0.43549433,0.0039525484,tristeza
0.055457972,0.054849833,0.22565818,0.001559855,neutro
0.101210155,0.07944786,0.46844575,0.002507612,raiva
0.11338417,0.104971014,0.42155677,0.0034923519,tristeza
0.08444078,0.08537323,0.36163235,0.010276787,felicidade
0.09096027,0.08022916,0.36417618,0.0040993015,raiva
0.11643707,0.08080851,0.3074659,0.004012052,raiva
0.124286614,0.090645604,0.3851019,0.005406179,felicidade
0.12068357,0.089171335,0.40526405,0.009833896,felicidade
0.11489899,0.10194713,0.5293909,0.00095203234,neutro
0.086417,0.09243129,0.3593856,0.005186327,felicidade
0.11415811,0.092528105,0.4322453,0.007242359,felicidade
0.08714305,0.08085397,0.39977986,0.005878557,neutro
0.11822695,0.10866108,0.4126772,0.0022417824,tristeza
0.06089232,0.08211284,0.3170947,0.0048592114,neutro
0.06269655,0.05803768,0.3486726,0.0025272372,raiva
0.121468686,0.10994533,0.38896397,0.0066702855,neutro
0.11224175,0.099904425,0.37631017,0.004857909,felicidade
0.119121335,0.100448586,0.33011806,0.0018430587,tristeza
0.101975374,0.11340848,0.40598744,0.00590526,neutro
0.10392423,0.099310696,0.3699755,0.0032676565,neutro
0.07338479,0.066869,0.28332257,0.008114281,raiva
0.06460171,0.06302408,0.30276468,0.0009467323,felicidade
0.18720703,0.109610386,0.45074978,0.01417392,neutro
0.07409157,0.07684781,0.3225713,0.006429929,felicidade
0.08439063,0.093446314,0.43529564,0.00060241163,raiva
0.05356314,0.073045924,0.40365237,0.0002833416,felicidade
0.21003178,0.12762575,0.5225069,0.005721707,tristeza
0.101727776,0.0848368,0.36308944,0.006768227,neutro
0.034693398,0.042274248,0.24710225,0.00077991636,raiva
0.115960985,0.1283301,0.48928818,0.0036404268,tristeza
0.07111449,0.07146072,0.30793768,0.0039400547,raiva
0.1036465,0.09559501,0.4144472,0.0072509334,felicidade
0.13685621,0.10331276,0.47401896,0.0056006406,tristeza
0.09632413,0.09560615,0.4671703,0.00095120445,felicidade
0.11951581,0.121188484,0.5547836,0.00049345667,raiva
0.052738145,0.064666376,0.28934982,0.0003043327,felicidade
0.17680508,0.12396232,0.43527207,0.0030474004,tristeza
0.10018711,0.098952904,0.40903306,0.002339478,raiva
0.06829246,0.076743774,0.3694545,0.00030006282,raiva
0.1441698,0.10886343,0.5385893,0.007358513,neutro
0.066516235,0.076658465,0.41713327,0.0076951943,neutro
0.07686797,0.09480953,0.35674605,0.004114535,neutro
0.120129324,0.09982536,0.5261272,0.0078124614,tristeza
0.105357446,0.10290586,0.41707763,0.0036924838,neutro
0.11473181,0.085396305,0.3878436,0.00867543,raiva
0.08853667,0.083755314,0.40256798,0.0023468584,felicidade
0.04179189,0.05967111,0.3335916,0.003798602,raiva
0.06554042,0.07908372,0.33556986,9.9680066e-05,felicidade
0.11342463,0.06887653,0.36259305,0.003675489,tristeza
0.10492156,0.067228556,0.27961355,0.008305095,felicidade
0.10535562,0.12998028,0.56984806,0.0017977513,tristeza
0.08862077,0.078462176,0.32366514,0.0045925057,tristeza
0.15152583,0.10027295,0.38993332,0.008572252,neutro
0.107896596,0.1009388,0.3570478,0.007241793,raiva
0.07654806,0.064199165,0.29355848,0.005559956,raiva
0.1545192,0.15383157,0.5706545,0.0024156386,tristeza
0.07322385,0.080491364,0.48908982,0.0057131387,tristeza
0.17662159,0.15112457,0.4729204,0.00034616786,raiva
0.12902163,0.09277869,0.38049018,0.0029440187,neutro
0.13963264,0.067882486,0.37618795,0.020211382,neutro
0.080935165,0.07311233,0.38932008,0.0061978027,raiva
0.18601148,0.1203618,0.5218137,0.009968757,tristeza
0.09546256,0.09327633,0.39608276,0.0030538975,tristeza
0.11751525,0.11179108,0.39205953,0.00082734984,raiva
0.11397474,0.08765357,0.4305725,0.0033597038,felicidade
0.078176245,0.07917086,0.3972204,0.00063614507,raiva
0.063889965,0.06442372,0.2500131,0.002075008,tristeza
0.17562701,0.11564704,0.42177227,0.00689493,tristeza
0.13506167,0.09699498,0.46294296,0.0036406443,neutro
0.13868944,0.07649827,0.30246,0.011307047,neutro
0.084512964,0.07132459,0.32895294,0.007964787,raiva
0.10286527,0.08749568,0.387698,0.00036932755,felicidade
0.17638144,0.098824516,0.43615332,0.009998924,neutro
0.04698896,0.07037105,0.44900957,0.002752742,tristeza
0.11039587,0.11523935,0.51533765,0.0055190404,neutro
0.15828702,0.13348064,0.45585293,0.0030543704,tristeza
0.135614,0.11543419,0.41202652,0.005026959,neutro
0.08268686,0.07719671,0.34344295,0.002239549,tristeza
0.09898998,0.098578624,0.35992873,0.0028761711,tristeza
0.09927644,0.10321424,0.37226194,0.004968676,tristeza
0.107901245,0.07449625,0.36726752,0.001284028,felicidade
0.16805416,0.12138659,0.3784826,0.0077426615,neutro
0.084595926,0.073291734,0.3181533,0.009931493,neutro
0.11324676,0.09005658,0.4076901,0.0038267304,felicidade
0.13233773,0.09001392,0.3990352,0.004331488,tristeza
0.0987102,0.09205841,0.445526,0.006728261,felicidade
0.08044032,0.07818466,0.35488698,0.000575596,felicidade
0.08702435,0.07568318,0.40898332,0.0006895762,felicidade
0.09997377,0.0891564,0.46055308,0.0023123408,felicidade
0.11197263,0.09708927,0.376605,0.00025116422,felicidade
0.07591479,0.07720464,0.40950763,0.0003619084,felicidade
0.08467114,0.06956777,0.40269107,0.0009174719,felicidade
0.10473231,0.089632176,0.36500987,0.0050330884,raiva
0.11756099,0.14597301,0.5617632,0.0004077864,raiva
0.09051385,0.092768475,0.34053445,0.002059182,neutro
0.124218404,0.09534813,0.32401517,0.002103621,neutro
0.07711551,0.10200193,0.4287948,0.001915771,neutro
0.10282374,0.090344705,0.34905624,0.0028084253,raiva
0.078569345,0.08606822,0.42435715,0.00045478117,raiva
0.10153074,0.07391194,0.37260452,0.007713433,tristeza
0.1953935,0.08497481,0.39707989,0.017827617,neutro
0.093785,0.09853869,0.33151603,0.0027064176,tristeza
0.13551463,0.08785145,0.3897265,0.011069651,tristeza
0.11120763,0.0773422,0.4102327,0.007647525,felicidade
0.040724564,0.048030615,0.31431067,0.010492933,raiva
0.085021056,0.091365814,0.39876842,0.00819408,neutro
0.12496918,0.08839179,0.38533363,0.009704564,neutro
0.063744426,0.05185186,0.2328229,0.0013903804,felicidade
0.105707616,0.0879312,0.3318779,0.0006876597,felicidade
0.087237954,0.07559565,0.3043121,0.0008587353,raiva
0.116324455,0.09868875,0.42470747,0.008481616,neutro
0.11653838,0.09326281,0.52968585,0.006769513,neutro
0.084541515,0.08911434,0.45739105,0.0056534754,neutro
0.13483682,0.09270775,0.38596374,0.009417073,felicidade
0.05147765,0.06572231,0.30589128,0.00044224635,raiva
0.07726253,0.08514067,0.47700715,0.0018743074,neutro
0.10451076,0.08133159,0.33368877,0.004641636,neutro
0.11623239,0.075908676,0.38095826,0.0056041596,tristeza
0.15431777,0.11964889,0.49923462,0.00847324,tristeza
0.10585649,0.08619964,0.3321997,0.004379323,neutro
0.08222784,0.0948716,0.3399742,0.0011924463,neutro
0.10051938,0.08719774,0.302641,0.00044666688,felicidade
0.07630385,0.07101046,0.46448,0.0018178426,raiva
0.084908046,0.09133305,0.34841436,0.0024524564,tristeza
0.08186776,0.083774425,0.44020668,0.0063345805,felicidade
0.12696277,0.119605824,0.435454,0.007851099,tristeza
0.08959085,0.065855324,0.31485564,0.0023793976,felicidade
0.10578715,0.11644151,0.59585917,0.0048260624,raiva
0.08896661,0.09742396,0.45728862,0.00026900633,raiva
0.09716933,0.11022291,0.41629627,0.007446923,tristeza
0.05595754,0.063600264,0.3204573,0.0015024047,raiva
0.07108422,0.079272024,0.45600194,0.0013982644,felicidade
0.13323426,0.092869565,0.34445873,0.009260113,tristeza
0.14272328,0.10312994,0.5365212,0.004067542,tristeza
0.12793477,0.08716775,0.39475304,0.0031970346,neutro
0.09946553,0.09532815,0.4055474,0.0039151832,felicidade
0.10652192,0.13644826,0.53112984,0.0034298217,tristeza
0.18075356,0.089828975,0.44354486,0.024694042,neutro
0.13079433,0.102564,0.5519203,0.005692736,tristeza
0.07219346,0.09302738,0.33749095,0.0023050604,neutro
0.106800176,0.07484217,0.35133886,0.007513183,felicidade
0.08330846,0.07116134,0.36404055,0.0075580305,raiva
0.07512429,0.08744474,0.47485694,0.005253297,felicidade
0.15961301,0.15651803,0.6936292,0.0004275323,raiva
0.10678648,0.08093415,0.3501767,0.0024530664,tristeza
0.15022692,0.106561944,0.3841427,0.004755679,felicidade
0.11050652,0.085970305,0.30776554,0.0060292417,tristeza
0.087279096,0.07799487,0.28310516,0.0024320504,felicidade
0.12177603,0.081565335,0.36198774,0.0053009987,felicidade
0.064680025,0.06469186,0.2886259,0.004558236,raiva
0.0899133,0.09121464,0.4338231,0.008832545,felicidade
0.072459035,0.07515702,0.26135924,0.0040706457,tristeza
0.0808759,0.080257006,0.39142942,0.004073398,felicidade
0.11915208,0.10250164,0.43002546,0.002589709,tristeza
0.108730145,0.10576176,0.48493958,0.0071752747,felicidade
0.14694108,0.08298307,0.3313183,0.0060675996,neutro
0.17050077,0.11242683,0.46294448,0.012406371,raiva
0.10425002,0.08906227,0.34913623,0.006088349,felicidade
0.040096067,0.046019517,0.28083372,0.0058487793,raiva
0.13386513,0.08743548,0.3539537,0.0101889055,neutro
0.1680561,0.12899968,0.47803995,0.0059644394,tristeza
0.120667614,0.1014081,0.40889233,0.0026892794,felicidade
0.11244732,0.06500239,0.28595543,0.003833161,neutro
0.11063502,0.10398654,0.5112818,0.0045215436,tristeza
0.05910078,0.06294234,0.34870985,0.0060141967,raiva
0.12853672,0.13971071,0.53302026,0.005822168,tristeza
0.08366052,0.100566454,0.35005984,0.0042319205,tristeza
0.08109306,0.08157366,0.3601083,0.0066197407,raiva
0.12869774,0.07188086,0.26357615,0.0042914306,tristeza
0.06761678,0.07190191,0.28761747,0.00039433266,felicidade
0.11676955,0.08700218,0.37025365,0.002285081,felicidade
0.076264985,0.06981298,0.43375704,0.0033332387,raiva
0.13923715,0.0917046,0.33284563,0.0040505864,tristeza
0.08114909,0.08250925,0.3742803,0.007983965,neutro
0.1369385,0.13545996,0.50528413,0.0074311127,tristeza
0.0801956,0.07009879,0.30191523,0.0017773125,tristeza
0.09892372,0.083811216,0.3441354,0.0069848597,raiva
0.12245384,0.083103165,0.39834735,0.008416393,raiva
0.12699932,0.107403696,0.46945375,0.00054212776,felicidade
0.07362698,0.07543977,0.37144724,0.0028241703,neutro
0.10248833,0.104924135,0.46076328,0.0020254415,tristeza
0.047145512,0.055472013,0.3411096,0.0041492977,raiva
0.118593104,0.08563275,0.34871575,0.0013734776,raiva
0.1050343,0.09796965,0.4031858,0.0041138707,neutro
0.09552533,0.09165932,0.43803078,0.0042675626,felicidade
0.09021492,0.089401715,0.4665343,0.003754347,tristeza
0.13085021,0.08117612,0.34191477,0.004038716,raiva
0.04850413,0.05308737,0.34058917,0.0025055609,raiva
0.12417627,0.09095958,0.39789954,0.0014810378,raiva
0.07514229,0.074246,0.28334177,0.0019325452,raiva
0.10618056,0.09100811,0.35302913,0.0014623785,neutro
0.07870005,0.09231404,0.47137532,0.0019598855,felicidade
0.1002,0.083397746,0.3299956,0.006384199,tristeza
0.08629653,0.084419936,0.42474785,0.0057295198,tristeza
0.12213781,0.09435733,0.55204815,0.0065338193,raiva
0.13518073,0.09089472,0.41741124,0.0045511434,tristeza
0.13710746,0.10446497,0.40752533,0.0035643505,felicidade
0.11654732,0.096644916,0.4241496,0.004307393,raiva
0.095899455,0.081492305,0.33801952,0.0021765577,felicidade
0.073116206,0.074554816,0.3457997,0.0030097917,raiva
0.088614896,0.09275152,0.52482766,0.0034059887,felicidade
0.1343969,0.07957502,0.39283794,0.021177385,neutro
0.07262881,0.06936648,0.31315053,0.0050312704,raiva
0.12997428,0.072210245,0.35356387,0.01927897,neutro
0.098626584,0.11201832,0.43449044,0.002346457,tristeza
0.08804746,0.094541885,0.4383413,0.0036630987,tristeza
0.08610044,0.058248136,0.24371617,0.004846379,tristeza
0.08438988,0.053732403,0.25393718,0.014200815,neutro
0.081137754,0.08364399,0.5188593,0.0031179665,raiva
0.15327816,0.13482988,0.5627608,0.0054822234,tristeza
0.12687519,0.09356977,0.37397233,0.002978832,tristeza
0.08445149,0.083666466,0.30338535,0.0070177885,felicidade
0.16963951,0.06880532,0.34274945,0.010700147,tristeza
0.12551628,0.09808172,0.48295206,0.0034230226,tristeza
0.16528617,0.084610134,0.30851614,0.0069470075,neutro
0.1378055,0.14085145,0.62589383,0.004540799,tristeza
0.10569924,0.08730989,0.38542378,0.0047992743,felicidade
0.10606774,0.09275493,0.41139784,0.005387707,felicidade
0.09810806,0.08782344,0.3031331,0.005504694,tristeza
0.08666329,0.089455895,0.452625,0.0051668035,felicidade
0.1346157,0.08821308,0.3246104,0.00876283,tristeza
0.079661295,0.09616243,0.48055992,0.0047503454,neutro
0.1609229,0.10434164,0.5202099,0.011943861,felicidade
0.13359332,0.12437323,0.52978253,0.010424975,neutro
0.07212857,0.08169517,0.38388076,0.0006922194,felicidade
0.12109431,0.07971699,0.38088396,0.0026979547,tristeza
0.067880906,0.07317884,0.36074343,0.0042618345,felicidade
0.11082035,0.078539126,0.34189332,0.008583755,neutro
0.10484852,0.09989149,0.54647994,0.004756183,felicidade
0.069203936,0.06251914,0.27164224,0.0021750922,felicidade
0.09508353,0.07297227,0.3221027,0.0048690313,felicidade
0.13772134,0.1125314,0.43932766,0.0054588397,felicidade
0.11829636,0.090547465,0.35861403,0.0033340359,felicidade
0.09246604,0.10342898,0.36096022,0.0053842263,neutro
0.09515955,0.09810275,0.5089196,0.005428498,tristeza
0.17923954,0.15996438,0.5777538,0.00579528,tristeza
0.10670059,0.10094526,0.45160428,0.009212383,felicidade
0.029923206,0.040696844,0.29445332,0.0015623965,raiva
0.15595867,0.11874249,0.46994007,0.0050129658,felicidade
0.09366678,0.090326704,0.35495374,0.01392575,neutro
0.06800903,0.076264285,0.38919017,0.005398069,tristeza
0.10311021,0.09095259,0.46130502,0.002621896,neutro
0.15606813,0.13618785,0.46858022,0.0026014934,tristeza
0.060259856,0.07995124,0.37492764,0.0002154122,felicidade
0.13885821,0.07548076,0.32315555,0.024419302,neutro
0.066292256,0.05812935,0.31257832,0.012240629,raiva
0.0776099,0.08305692,0.35307527,0.0042782393,raiva
0.110798076,0.093918316,0.36183542,0.001974891,tristeza
0.11122849,0.1339762,0.5337158,0.011176356,neutro
0.10417104,0.096055105,0.47253352,0.005752339,tristeza
0.08670035,0.07027949,0.2858587,0.006457271,felicidade
0.13471192,0.10154869,0.46606243,0.003548035,felicidade
0.09165473,0.09035122,0.35793385,0.0015330238,neutro
0.09116687,0.09570606,0.48216546,0.008050446,tristeza
0.08538153,0.08320164,0.3313511,0.0012774946,raiva
0.10550708,0.09417912,0.39648196,0.0031959368,tristeza
0.07781433,0.07224526,0.35067502,0.003093801,tristeza
0.113576606,0.06127964,0.2901972,0.0015116066,neutro
0.1429963,0.072763324,0.34964597,0.016076628,neutro
0.0984212,0.09590849,0.42110062,0.0013659087,felicidade
0.097393356,0.074982174,0.35162327,0.004668107,neutro
0.13082899,0.10229289,0.4298727,0.006646935,tristeza
0.120707996,0.10143406,0.4849007,0.0066502243,tristeza
0.14753465,0.089466415,0.34618944,0.006358684,neutro
0.13531855,0.13372748,0.57035446,0.0072767227,tristeza
0.06919617,0.094951674,0.376998,0.00254482,tristeza
0.09251996,0.10201687,0.5128191,0.0047908025,tristeza
0.067087956,0.07141691,0.3497329,0.002198218,felicidade
0.10370669,0.061196133,0.31877652,0.009854183,tristeza
0.09676749,0.09843428,0.41670313,0.0052753016,tristeza
0.1428487,0.087448046,0.36324158,0.008731845,neutro
0.11201711,0.09495719,0.45307064,0.0075602294,tristeza
0.100425914,0.11848186,0.65028024,0.0048407526,tristeza
0.15259534,0.10165275,0.36070976,0.010148598,felicidade
0.07100181,0.055644944,0.18436027,0.0011006232,raiva
0.12158768,0.07587622,0.31244344,0.004849781,raiva
0.14606737,0.08664729,0.31607208,0.003366926,neutro
0.10817062,0.10131555,0.40612534,0.003528966,felicidade
0.06785517,0.082607344,0.38492844,0.002967818,neutro
0.09632686,0.06816752,0.339026,0.011366397,felicidade
0.068346836,0.074011974,0.4022428,0.0072654723,felicidade
0.12341915,0.10037225,0.36357385,0.0033305334,neutro
0.060097158,0.063952535,0.2808483,0.0026155286,tristeza
0.106176935,0.053704858,0.23974751,0.0059789284,tristeza
0.10163677,0.10356416,0.4003393,0.0085893525,neutro
0.06532369,0.07311483,0.3659113,0.0031050157,neutro
0.12085866,0.083781324,0.48717567,0.007567804,raiva
0.10007622,0.089198776,0.32459468,0.0010352941,neutro
0.15535593,0.15688702,0.5591499,0.00052436034,raiva
0.12408165,0.08380917,0.38041073,0.014235578,raiva
0.057451468,0.07165015,0.43123502,0.0058986093,raiva
0.083775826,0.07922516,0.39572456,0.0010567224,felicidade
0.16610436,0.13652357,0.5249005,0.0059617716,tristeza
0.047355503,0.05334447,0.23838915,0.00067249476,raiva
0.09833558,0.10218775,0.4701076,0.0035702938,raiva
0.035180345,0.050940327,0.35308942,0.0044777878,raiva
0.16399522,0.0825253,0.41684502,0.00841929,felicidade
0.07263131,0.080296464,0.3888909,0.0036598442,felicidade
0.123383775,0.10461694,0.41469488,0.0028643329,tristeza
0.101950645,0.085420586,0.3846863,0.005736668,raiva
0.118360095,0.06257625,0.27533358,0.0049400777,neutro
0.14691298,0.103823945,0.407092,0.0023016229,tristeza
0.09580263,0.08555758,0.4409017,0.002733338,tristeza
0.07996444,0.11346982,0.5946197,0.002942536,neutro
0.031706374,0.032221396,0.1939511,0.0010145896,raiva
0.102973565,0.101649396,0.4372465,0.0020756288,tristeza
0.11071479,0.07369342,0.30938053,0.0036179563,raiva
0.049618885,0.050685346,0.2810349,0.0028539803,raiva
0.16119967,0.12420526,0.45996952,0.0091986535,neutro
0.17655,0.12393234,0.40030596,0.0017826004,tristeza
0.054778125,0.057769347,0.23062795,0.00086074404,raiva
0.066282906,0.08218219,0.4001814,0.00379906,felicidade
0.08867405,0.10661007,0.40996647,0.0034093393,neutro
0.08393961,0.08592321,0.40063953,0.0006775304,felicidade
0.10367246,0.09452431,0.4659132,0.009474837,felicidade
0.12565145,0.12044799,0.5171279,0.009390981,tristeza
0.08652317,0.105082765,0.4558787,0.0051388904,felicidade
0.06996377,0.08000351,0.34369564,0.0011841601,felicidade
0.06759666,0.0665693,0.29412025,0.0012596619,neutro
0.111004055,0.10049777,0.41881332,0.004820072,neutro
0.14600278,0.10858504,0.3578427,0.002139668,neutro
0.08710315,0.10444695,0.39346987,0.0026077318,neutro
0.10844289,0.088320844,0.42588907,0.008383315,raiva
0.15297692,0.10176174,0.3732527,0.009744815,neutro
0.11770768,0.10139475,0.34445235,0.0040889764,neutro
0.09330348,0.07969146,0.3824587,0.00285382,raiva
0.06700412,0.07516628,0.36505944,0.00864296,raiva
0.11145409,0.07323945,0.30269247,0.006387577,raiva
0.10756705,0.07357264,0.4057936,0.0053190114,felicidade
0.053442158,0.049530264,0.25712845,0.007532275,raiva
0.04159439,0.047590207,0.3063085,0.00028307305,raiva
0.14080031,0.108718,0.46129426,0.0025809195,tristeza
0.107422546,0.092846654,0.3082502,0.00038286313,felicidade
0.0782784,0.12542236,0.5704211,0.00028418135,raiva
0.097822875,0.11042008,0.51827294,0.003970196,neutro
0.08058986,0.06648345,0.41169453,0.006288295,felicidade
0.16001035,0.08689085,0.31032085,0.0019513423,neutro
0.04325011,0.04355976,0.2551661,0.00037863333,raiva
0.03894573,0.053320196,0.28795066,0.0004964113,raiva
0.092324525,0.09383398,0.4450418,0.0005003819,raiva
0.07449172,0.088166304,0.46792418,0.004062819,tristeza
0.16135527,0.13962354,0.5106084,0.00032708386,raiva
0.09630821,0.09975504,0.5549074,0.009011041,felicidade
0.16630419,0.0750047,0.33591163,0.021449959,neutro
0.07960731,0.09602418,0.44005933,0.008283211,tristeza
0.06370043,0.08675369,0.47096747,0.010038266,tristeza
0.094222054,0.07968257,0.37561134,0.0029160057,raiva
0.1116273,0.10207315,0.37655452,0.0032735856,neutro
0.08837991,0.09174466,0.38281605,0.006808901,tristeza
0.07963929,0.102478,0.43882254,0.0038246545,felicidade
0.08392388,0.07125668,0.27510762,0.0019027072,neutro
0.10617994,0.096948974,0.3792924,0.012913816,neutro
0.081959315,0.09735417,0.42858595,0.006560436,tristeza
0.088464685,0.07690496,0.3714359,0.008047696,raiva
0.080193825,0.07449176,0.38094187,0.002976138,raiva
0.04887694,0.06713469,0.275439,1.824798e-05,felicidade
0.08081564,0.066284634,0.33856124,0.0043468177,neutro
0.11457161,0.10875777,0.5373325,0.0037769643,felicidade
0.13892879,0.13208395,0.49716276,0.0048183547,neutro
0.11667849,0.112740345,0.3899021,0.00089078874,felicidade
0.17032976,0.08504944,0.3617723,0.011872411,neutro
0.09434711,0.11606952,0.52678716,0.0052851755,neutro
0.18891329,0.15039408,0.6371406,0.0061938497,tristeza
0.11846181,0.08570069,0.3941344,0.0038862622,raiva
0.0802167,0.08634418,0.4485051,0.001081515,felicidade
0.05039325,0.05658776,0.229396,0.00050920626,raiva
0.16119832,0.12026887,0.4251855,0.00613951,felicidade
0.097389966,0.093657054,0.49399626,0.0053187604,raiva
0.16103652,0.13802512,0.5786385,0.0005943316,felicidade
0.0873244,0.09691251,0.4125799,0.006782598,tristeza
0.09994466,0.09033796,0.43804193,0.006839789,felicidade
0.07734314,0.06999236,0.3627223,0.0048201466,felicidade
0.051011436,0.058422867,0.22273394,0.00097276625,raiva
0.10779285,0.08964703,0.38691655,0.0048591485,tristeza
0.076756135,0.08084183,0.29265404,0.0022275313,neutro
0.13299927,0.09592827,0.4362294,0.007123661,neutro
0.08912299,0.09753806,0.39263484,0.0131238755,tristeza
0.0759669,0.09946218,0.4392556,0.0034637756,neutro
0.06637836,0.072923794,0.29936624,0.0020993866,raiva
0.12763,0.08314066,0.43651894,0.005102014,tristeza
0.075369455,0.07866687,0.3340754,0.0043992177,neutro
0.109887764,0.09896465,0.44676343,0.002172696,raiva
0.1658443,0.09867561,0.403025,0.0039552795,tristeza
0.11842786,0.08071653,0.36604223,0.011095241,raiva
0.09269253,0.09339382,0.313783,0.00074066245,felicidade
0.058041435,0.080498055,0.38778108,0.00048701392,raiva
0.08894929,0.06948646,0.2843968,0.0031512685,neutro
0.08518088,0.101543345,0.38767776,0.0060436116,raiva
0.07987022,0.08805068,0.5618761,0.0018322102,neutro
0.09050343,0.08606132,0.34248373,0.0004888746,raiva
0.054057498,0.050440907,0.30496544,0.008069228,raiva
0.12263615,0.116926394,0.57507753,0.0037186292,felicidade
0.07574681,0.099701785,0.4081786,0.0031952744,raiva
0.1017781,0.10179469,0.38054043,0.0034201804,raiva
0.078958005,0.06907443,0.32827455,0.009805519,raiva
0.09553254,0.07759004,0.32006234,0.005072506,tristeza
0.08214505,0.1041739,0.45656723,0.0049848394,raiva
0.11210983,0.09441441,0.35098535,0.0011669839,raiva
0.073979326,0.042394,0.20255649,0.0023234668,neutro
0.11901111,0.10478838,0.3996013,0.00029833167,felicidade
0.09809202,0.09031326,0.35064974,0.0029801377,tristeza
0.060997494,0.08749093,0.5286542,0.003239439,raiva
0.050286863,0.056129996,0.28831628,0.0041046743,felicidade
0.13172247,0.12576956,0.4226507,0.0040941834,neutro
0.080580026,0.08194637,0.40492004,0.002455348,raiva
0.093417786,0.09194438,0.49844486,0.0013542249,felicidade
0.13194999,0.0907859,0.4360271,0.0086232405,raiva
0.16297987,0.15488864,0.5677732,0.0027228114,tristeza
0.09600187,0.09839092,0.42105928,0.0011749198,raiva
0.07204971,0.07125825,0.28677702,0.00071708986,raiva
0.03455594,0.043643083,0.28839138,0.000612682,raiva
0.083939366,0.0959931,0.61980796,0.0060924008,tristeza
0.08616047,0.070526265,0.3423538,0.005660791,tristeza
0.119752936,0.111559704,0.4069677,0.0036387662,tristeza
0.09948498,0.09576077,0.34076267,0.00039039657,raiva
0.09417642,0.08722344,0.44152948,0.004305466,felicidade
0.11819214,0.0680187,0.32796612,0.019955315,neutro
0.06098213,0.050485317,0.26248556,0.004815582,neutro
0.14736742,0.08678334,0.38691553,0.0030073205,neutro
0.12856162,0.1017611,0.44989353,0.0054558567,neutro
0.05148942,0.052934714,0.27758968,0.0041803923,raiva
0.08439369,0.10213185,0.46596128,0.005440213,felicidade
0.107345395,0.09979562,0.4494698,0.0062356917,felicidade
0.039958727,0.053098995,0.3437977,0.0105312625,raiva
0.12602074,0.091441944,0.3902357,0.002789334,tristeza
0.07877827,0.08215748,0.38788125,0.0033655928,felicidade
0.10512501,0.08739415,0.5564821,0.002598878,tristeza
0.16128491,0.116706535,0.41268066,0.0037860181,tristeza
0.10898088,0.0892331,0.37835807,0.0028615384,neutro
0.10931584,0.09569196,0.5192071,0.010870742,felicidade
0.059735134,0.06912753,0.31047046,0.0022322945,raiva
0.082861416,0.088430814,0.45973796,0.0019001946,tristeza
0.064793,0.07686148,0.39808944,0.005776007,raiva
0.10756377,0.086990446,0.395993,0.0054638125,tristeza
0.10250681,0.07955021,0.33272043,0.0059493375,felicidade
0.16497155,0.11117163,0.5308877,0.007097556,tristeza
0.09208534,0.06646575,0.3475918,0.0064452467,neutro
0.18772261,0.115817584,0.46264902,0.005185158,tristeza
0.071886644,0.06836378,0.33308375,0.00090205396,felicidade
0.12623197,0.11180508,0.4117007,0.00069652346,raiva
0.1036096,0.083189815,0.25788826,0.0033230088,tristeza
0.07380695,0.08612826,0.40082973,0.0010798618,felicidade
0.08907464,0.077121615,0.3163386,0.0070526027,felicidade
0.1031499,0.081828475,0.34477887,0.005292207,tristeza
0.14435181,0.11739705,0.3739305,0.005858043,neutro
0.09056696,0.08996795,0.42330945,0.00683998,neutro
0.10426372,0.10399301,0.4980517,0.004326254,raiva
0.10483009,0.106327794,0.44084612,0.0037663179,felicidade
0.11259552,0.082596675,0.46084717,0.0043107145,tristeza
0.06515585,0.05310287,0.2884123,0.0022333795,neutro
0.07955602,0.07584985,0.30181232,0.002443092,tristeza
0.033631265,0.053153217,0.27753368,0.00029091327,raiva
0.12933132,0.14077483,0.59642696,0.0056808502,tristeza
0.085657194,0.110660255,0.5770489,0.004008619,tristeza
0.10880196,0.098627254,0.48239288,0.0016729183,neutro
0.07323057,0.08530169,0.45203304,0.0013752561,tristeza
0.09410471,0.092908904,0.38993555,0.0034410062,felicidade
0.06619349,0.067750454,0.26477426,0.00088604016,raiva
0.05045804,0.055518694,0.25594082,0.00043491207,raiva
0.12907377,0.090770565,0.41600555,0.0016523256,felicidade
0.06891936,0.07103705,0.36791575,0.0053944285,raiva
0.08289641,0.065884426,0.23670775,0.0012594203,raiva
0.12065909,0.11571833,0.4209024,0.0012595352,felicidade
0.13377105,0.10178732,0.46457595,0.0022181964,tristeza
0.10780434,0.08950595,0.37663084,0.0059003173,raiva
0.10110851,0.12024662,0.5125068,0.0034271795,tristeza
0.120835416,0.101261094,0.40289596,0.0050104866,felicidade
0.086715676,0.08070032,0.38542426,0.0034126241,felicidade
0.10127337,0.096892424,0.3845748,0.0013454889,felicidade
0.07400789,0.06644426,0.25606263,0.0038816223,raiva
0.11146596,0.08480811,0.37066764,0.008689584,tristeza
0.06753733,0.068472795,0.30087608,0.0018156543,neutro
0.108599246,0.08882426,0.35240188,0.0043603037,tristeza
0.066134475,0.062228613,0.33910024,0.00049090566,felicidade
0.1152051,0.0820472,0.3241338,0.013731974,raiva
0.044878278,0.042906556,0.21482013,0.0010158366,raiva
0.19460595,0.17194611,0.58528304,0.0055152234,tristeza
0.10632687,0.08661217,0.3527181,0.0045382096,raiva
0.09982468,0.069990635,0.32014424,0.008714252,raiva
0.09542905,0.059145696,0.27294394,0.0065643396,neutro
0.17191604,0.09710091,0.3738413,0.007933378,tristeza
0.09083639,0.07346431,0.37292707,0.008006895,neutro
0.1866892,0.08834918,0.3624992,0.03775756,neutro
0.120689906,0.105104916,0.47679406,0.0027701687,tristeza
0.07013537,0.06545509,0.32765937,0.009600761,raiva
0.16772206,0.13548075,0.5324105,0.0033402536,tristeza
0.15126002,0.09255749,0.48383173,0.0078030867,tristeza
0.045228615,0.04960196,0.2501011,0.0014443328,neutro
0.07137424,0.09911681,0.39843175,0.003085311,neutro
0.104958534,0.071657225,0.29528075,0.004461349,neutro
0.13611661,0.085041374,0.29234767,0.010486544,neutro
0.09402617,0.08057921,0.36860365,0.0063064983,tristeza
0.118287124,0.075886615,0.3625918,0.0058103125,raiva
0.13208978,0.09229436,0.3596078,0.008295038,neutro
0.09498683,0.07935345,0.31140587,0.000598378,felicidade
0.07258009,0.06455218,0.37241125,0.003484001,raiva
0.1523453,0.11078721,0.4497858,0.0036073758,tristeza
0.100080304,0.10601931,0.44966096,0.0024392027,neutro
0.107044995,0.15796456,0.8315146,0.0004230841,raiva
0.07124282,0.065732546,0.27750942,0.0077070715,neutro
0.16800791,0.094315074,0.50552344,0.0060054855,tristeza
0.12317479,0.09021864,0.4602684,0.0039984086,tristeza
0.10289622,0.093578905,0.37583038,0.0006092587,raiva
0.11713962,0.08579644,0.37721437,0.0069430456,neutro
0.06803632,0.079128005,0.386689,0.0012115986,tristeza
0.104062654,0.09206925,0.40810868,0.00801202,neutro
0.0672713,0.052086256,0.28184667,0.0053770086,raiva
0.07162491,0.059197992,0.31150383,0.006958343,felicidade
0.11888039,0.11355909,0.43077302,0.0041394676,tristeza
0.12049106,0.095954515,0.39264342,0.0011447173,felicidade
0.1583049,0.1264904,0.5349092,0.00090923085,raiva
0.11877153,0.09615785,0.46009588,0.0046008523,felicidade
0.13679647,0.111506104,0.43380815,0.008143283,neutro
0.07014746,0.06932961,0.37185225,0.008342737,neutro
0.09452364,0.08942044,0.33761945,0.0014710223,tristeza
0.15187849,0.1257244,0.48741814,0.0053036944,neutro
0.15109788,0.10286465,0.41032037,0.008501576,raiva
0.100861914,0.073858224,0.2472921,0.004174265,neutro
0.08325609,0.07430933,0.29260352,0.0063634054,tristeza
0.099396214,0.09053904,0.45049614,0.0055871336,felicidade
0.13487257,0.13606505,0.56200117,0.0068455637,tristeza
0.09265332,0.09502403,0.53431755,0.0079546375,felicidade
0.07658064,0.08266839,0.4460472,0.00051989424,raiva
0.091955505,0.111438185,0.55196714,0.0055101546,neutro
0.128795,0.106041566,0.4451717,0.008029493,tristeza
0.10003901,0.07539925,0.42813715,0.008634791,tristeza
0.11122788,0.09868895,0.46848372,0.00654232,felicidade
0.07778368,0.07504266,0.40205863,0.0015031197,raiva
0.0891542,0.07941395,0.2815297,0.0049688388,neutro
0.094920546,0.08758772,0.3715861,0.002917203,raiva
0.10249234,0.051411234,0.28810614,0.009429623,neutro
0.10544872,0.08207976,0.32666734,0.0038171527,tristeza
0.08728065,0.08997603,0.32856146,0.0013817267,tristeza
0.077111,0.08903314,0.38929698,0.00085477286,felicidade
0.0390861,0.069396496,0.4567786,0.00042018338,raiva
0.093199514,0.07873546,0.41376317,0.0091533335,felicidade
0.0569115,0.06607886,0.34747323,0.0042980956,felicidade
0.10074874,0.104218416,0.48873407,0.0007136218,raiva
0.112079985,0.092103094,0.31571403,0.0034549006,felicidade
0.11334736,0.10515227,0.45135754,0.0034199674,neutro
0.14577052,0.11800925,0.4990572,0.006616904,tristeza
0.09594514,0.096797064,0.61019963,0.0063625276,raiva
0.07178028,0.06949429,0.3806717,0.0030739442,felicidade
